<?xml version="1.0"?>

<!DOCTYPE MODEL [
<!ELEMENT MODEL (TYPE, NAME, BOUNDS?, INPUT*, OUTPUT*, CHILD*, EIC?, EOC?, IC?)>
<!ELEMENT NAME  (#PCDATA)>
<!ELEMENT TYPE  (#PCDATA)>
<!ELEMENT BOUNDS (LOCX, LOCY, WIDTH, HEIGHT)>
<!ELEMENT LOCX  (#PCDATA)>
<!ELEMENT LOCY  (#PCDATA)>
<!ELEMENT WIDTH (#PCDATA)>
<!ELEMENT HEIGHT (#PCDATA)>
<!ELEMENT PORT  (#PCDATA)>
<!ELEMENT CHILD  (MODEL*)>
<!ELEMENT INPUT  (PORT*)>
<!ELEMENT OUTPUT (PORT*)>
<!ELEMENT LINK  (PORT, PORT)>
<!ELEMENT EIC (LINK*)>
<!ELEMENT EOC (LINK*)>
<!ELEMENT IC (LINK*)>
]>
<MODEL>
	<TYPE>mc</TYPE>
	<NAME>noname</NAME>
	<BOUNDS><LOCX>50</LOCX><LOCY>50</LOCY><WIDTH>100</WIDTH><HEIGHT>100</HEIGHT></BOUNDS>
	<INPUT />
	<OUTPUT />
        <CHILD />
        <EIC />
        <EOC />
        <IC />
</MODEL>